movie_id,create_date
27205,2024-04-03
27205,2024-04-24
27205,2024-04-18
27205,2024-04-17
27205,2024-04-19
157336,2024-04-19
157336,2024-04-12
155,2024-04-14
155,2024-04-21
155,2024-04-02
155,2024-04-08
155,2024-04-06
155,2024-04-14
155,2024-04-30
155,2024-04-11
155,2024-04-28
155,2024-04-15
155,2024-04-05
155,2024-04-02
19995,2024-04-15
19995,2024-04-13
19995,2024-04-06
19995,2024-04-28
19995,2024-04-09
19995,2024-04-07
19995,2024-04-21
19995,2024-04-30
19995,2024-04-25
19995,2024-04-01
19995,2024-04-02
19995,2024-04-25
19995,2024-04-17
19995,2024-04-08
19995,2024-04-09
19995,2024-04-24
19995,2024-04-22
24428,2024-04-27
24428,2024-04-06
24428,2024-04-06
24428,2024-04-20
24428,2024-04-08
24428,2024-04-11
24428,2024-04-12
24428,2024-04-09
24428,2024-04-25
24428,2024-04-21
24428,2024-04-30
24428,2024-04-14
24428,2024-04-01
24428,2024-04-22
293660,2024-04-20
293660,2024-04-03
293660,2024-04-10
293660,2024-04-05
293660,2024-04-27
293660,2024-04-06
293660,2024-04-28
293660,2024-04-28
293660,2024-04-08
293660,2024-04-19
293660,2024-04-29
293660,2024-04-23
293660,2024-04-20
293660,2024-04-17
293660,2024-04-30
293660,2024-04-02
293660,2024-04-10
293660,2024-04-27
293660,2024-04-07
299536,2024-04-12
299536,2024-04-22
550,2024-04-14
550,2024-04-07
550,2024-04-09
550,2024-04-02
550,2024-04-01
550,2024-04-10
550,2024-04-13
550,2024-04-14
118340,2024-04-13
118340,2024-04-21
118340,2024-04-26
118340,2024-04-11
118340,2024-04-17
118340,2024-04-22
118340,2024-04-09
118340,2024-04-20
118340,2024-04-19
118340,2024-04-27
118340,2024-04-27
118340,2024-04-16
118340,2024-04-26
118340,2024-04-24
118340,2024-04-23
118340,2024-04-26
118340,2024-04-15
118340,2024-04-20
118340,2024-04-11
118340,2024-04-25
680,2024-04-11
680,2024-04-18
680,2024-04-25
680,2024-04-12
680,2024-04-14
680,2024-04-12
680,2024-04-16
680,2024-04-14
680,2024-04-30
680,2024-04-13
680,2024-04-21
680,2024-04-07
680,2024-04-19
680,2024-04-30
680,2024-04-09
13,2024-04-18
13,2024-04-26
13,2024-04-05
13,2024-04-27
13,2024-04-08
13,2024-04-02
13,2024-04-03
13,2024-04-01
13,2024-04-01
13,2024-04-08
13,2024-04-17
671,2024-04-23
671,2024-04-01
671,2024-04-22
671,2024-04-08
671,2024-04-28
1726,2024-04-03
1726,2024-04-08
1726,2024-04-24
1726,2024-04-26
1726,2024-04-05
1726,2024-04-16
1726,2024-04-08
1726,2024-04-26
1726,2024-04-23
1726,2024-04-16
1726,2024-04-22
68718,2024-04-13
68718,2024-04-06
68718,2024-04-04
68718,2024-04-28
68718,2024-04-21
68718,2024-04-21
68718,2024-04-25
68718,2024-04-12
68718,2024-04-02
68718,2024-04-11
68718,2024-04-08
68718,2024-04-23
68718,2024-04-30
68718,2024-04-04
68718,2024-04-29
68718,2024-04-09
68718,2024-04-03
68718,2024-04-24
68718,2024-04-18
68718,2024-04-19
278,2024-04-17
278,2024-04-28
278,2024-04-23
278,2024-04-05
278,2024-04-14
278,2024-04-10
278,2024-04-17
299534,2024-04-05
299534,2024-04-20
299534,2024-04-08
299534,2024-04-03
299534,2024-04-24
299534,2024-04-12
299534,2024-04-10
299534,2024-04-29
603,2024-04-02
603,2024-04-21
603,2024-04-13
603,2024-04-07
603,2024-04-09
603,2024-04-14
603,2024-04-14
603,2024-04-18
603,2024-04-27
603,2024-04-18
597,2024-04-25
475557,2024-04-22
475557,2024-04-23
475557,2024-04-15
475557,2024-04-17
475557,2024-04-14
475557,2024-04-07
475557,2024-04-17
475557,2024-04-19
475557,2024-04-02
475557,2024-04-29
475557,2024-04-16
475557,2024-04-28
475557,2024-04-18
120,2024-04-28
120,2024-04-08
120,2024-04-18
120,2024-04-16
120,2024-04-27
122,2024-04-28
122,2024-04-18
122,2024-04-02
122,2024-04-03
122,2024-04-18
122,2024-04-10
122,2024-04-02
122,2024-04-22
122,2024-04-23
122,2024-04-03
122,2024-04-05
122,2024-04-29
122,2024-04-02
122,2024-04-14
122,2024-04-08
122,2024-04-04
122,2024-04-07
122,2024-04-28
122,2024-04-16
122,2024-04-03
11324,2024-04-24
11324,2024-04-13
11324,2024-04-08
11324,2024-04-20
11324,2024-04-21
11324,2024-04-25
11324,2024-04-23
11324,2024-04-29
11324,2024-04-20
11324,2024-04-17
11324,2024-04-02
11324,2024-04-24
11324,2024-04-10
11324,2024-04-15
11324,2024-04-12
11324,2024-04-07
11324,2024-04-09
11324,2024-04-26
11324,2024-04-26
11324,2024-04-18
106646,2024-04-21
106646,2024-04-07
106646,2024-04-24
106646,2024-04-18
106646,2024-04-06
106646,2024-04-10
106646,2024-04-16
106646,2024-04-02
106646,2024-04-19
99861,2024-04-07
271110,2024-04-05
271110,2024-04-08
271110,2024-04-02
271110,2024-04-20
271110,2024-04-29
271110,2024-04-13
271110,2024-04-13
271110,2024-04-25
271110,2024-04-14
271110,2024-04-08
271110,2024-04-11
271110,2024-04-27
271110,2024-04-27
271110,2024-04-06
271110,2024-04-07
271110,2024-04-17
271110,2024-04-11
271110,2024-04-18
271110,2024-04-09
49026,2024-04-17
49026,2024-04-18
49026,2024-04-05
49026,2024-04-01
49026,2024-04-05
49026,2024-04-26
49026,2024-04-02
49026,2024-04-22
49026,2024-04-04
49026,2024-04-20
49026,2024-04-28
49026,2024-04-09
49026,2024-04-26
68721,2024-04-26
68721,2024-04-13
68721,2024-04-09
68721,2024-04-13
68721,2024-04-15
68721,2024-04-26
68721,2024-04-03
68721,2024-04-21
68721,2024-04-08
68721,2024-04-06
68721,2024-04-10
68721,2024-04-03
284054,2024-04-29
284054,2024-04-18
284054,2024-04-07
284054,2024-04-17
284054,2024-04-15
284054,2024-04-07
284054,2024-04-27
284054,2024-04-01
284054,2024-04-29
284054,2024-04-03
284054,2024-04-28
284054,2024-04-15
284054,2024-04-19
284054,2024-04-18
284054,2024-04-13
284054,2024-04-28
284052,2024-04-18
76341,2024-04-22
76341,2024-04-04
76341,2024-04-22
76341,2024-04-28
76341,2024-04-20
76341,2024-04-25
76341,2024-04-15
76341,2024-04-26
76341,2024-04-23
76341,2024-04-12
76341,2024-04-09
76341,2024-04-02
76341,2024-04-30
76341,2024-04-30
76341,2024-04-30
76341,2024-04-07
16869,2024-04-22
16869,2024-04-06
16869,2024-04-11
16869,2024-04-22
16869,2024-04-03
16869,2024-04-11
16869,2024-04-23
16869,2024-04-27
16869,2024-04-21
16869,2024-04-11
16869,2024-04-19
16869,2024-04-12
70160,2024-04-07
70160,2024-04-29
315635,2024-04-09
315635,2024-04-27
315635,2024-04-14
315635,2024-04-16
315635,2024-04-25
315635,2024-04-28
315635,2024-04-27
315635,2024-04-19
315635,2024-04-17
672,2024-04-15
672,2024-04-04
672,2024-04-21
672,2024-04-24
672,2024-04-29
672,2024-04-30
672,2024-04-08
672,2024-04-14
672,2024-04-21
672,2024-04-10
672,2024-04-01
672,2024-04-01
672,2024-04-27
283995,2024-04-26
283995,2024-04-15
283995,2024-04-04
283995,2024-04-17
283995,2024-04-22
121,2024-04-13
121,2024-04-15
121,2024-04-18
121,2024-04-18
121,2024-04-07
121,2024-04-04
121,2024-04-14
121,2024-04-14
121,2024-04-13
121,2024-04-24
121,2024-04-20
121,2024-04-27
121,2024-04-07
121,2024-04-12
1771,2024-04-01
1771,2024-04-27
1771,2024-04-17
1771,2024-04-17
1771,2024-04-13
297761,2024-04-25
297761,2024-04-26
297761,2024-04-26
297761,2024-04-01
297761,2024-04-21
297761,2024-04-11
297761,2024-04-25
297761,2024-04-13
297761,2024-04-11
673,2024-04-02
673,2024-04-14
673,2024-04-09
673,2024-04-03
10195,2024-04-05
10138,2024-04-08
10138,2024-04-18
10138,2024-04-28
10138,2024-04-29
272,2024-04-28
272,2024-04-11
272,2024-04-11
272,2024-04-10
272,2024-04-28
272,2024-04-07
272,2024-04-04
272,2024-04-29
272,2024-04-27
272,2024-04-09
272,2024-04-18
272,2024-04-24
272,2024-04-04
272,2024-04-19
272,2024-04-19
272,2024-04-10
272,2024-04-22
272,2024-04-10
272,2024-04-23
272,2024-04-30
284053,2024-04-06
284053,2024-04-14
284053,2024-04-11
284053,2024-04-27
284053,2024-04-13
284053,2024-04-10
284053,2024-04-29
284053,2024-04-08
150540,2024-04-16
150540,2024-04-28
150540,2024-04-26
150540,2024-04-21
135397,2024-04-06
135397,2024-04-16
135397,2024-04-28
135397,2024-04-25
135397,2024-04-25
135397,2024-04-26
807,2024-04-10
807,2024-04-01
807,2024-04-29
807,2024-04-17
807,2024-04-21
807,2024-04-01
807,2024-04-13
807,2024-04-17
807,2024-04-30
807,2024-04-01
807,2024-04-15
807,2024-04-29
807,2024-04-07
674,2024-04-29
674,2024-04-28
674,2024-04-26
674,2024-04-07
674,2024-04-25
674,2024-04-19
674,2024-04-04
674,2024-04-16
674,2024-04-22
674,2024-04-02
674,2024-04-21
674,2024-04-02
674,2024-04-23
674,2024-04-01
674,2024-04-12
22,2024-04-26
22,2024-04-03
22,2024-04-03
22,2024-04-17
22,2024-04-02
12445,2024-04-07
11,2024-04-09
11,2024-04-22
11,2024-04-10
11,2024-04-15
11,2024-04-18
11,2024-04-02
11,2024-04-10
11,2024-04-23
11,2024-04-16
11,2024-04-22
11,2024-04-20
11,2024-04-08
11,2024-04-23
11,2024-04-04
297762,2024-04-16
297762,2024-04-28
297762,2024-04-25
297762,2024-04-30
297762,2024-04-22
297762,2024-04-03
297762,2024-04-30
297762,2024-04-11
297762,2024-04-28
297762,2024-04-29
14160,2024-04-18
14160,2024-04-03
14160,2024-04-12
14160,2024-04-18
14160,2024-04-29
14160,2024-04-07
14160,2024-04-24
14160,2024-04-03
14160,2024-04-02
14160,2024-04-30
14160,2024-04-22
14160,2024-04-24
102899,2024-04-12
102899,2024-04-05
102899,2024-04-10
102899,2024-04-30
102899,2024-04-16
102899,2024-04-08
102899,2024-04-11
102899,2024-04-24
102899,2024-04-17
102899,2024-04-14
102899,2024-04-18
102899,2024-04-20
102899,2024-04-29
102899,2024-04-09
238,2024-04-08
286217,2024-04-11
286217,2024-04-23
286217,2024-04-07
286217,2024-04-10
105,2024-04-22
105,2024-04-30
105,2024-04-03
105,2024-04-06
105,2024-04-12
105,2024-04-30
105,2024-04-01
105,2024-04-03
105,2024-04-24
105,2024-04-03
140607,2024-04-22
140607,2024-04-22
140607,2024-04-06
140607,2024-04-17
140607,2024-04-14
140607,2024-04-05
140607,2024-04-23
140607,2024-04-28
140607,2024-04-17
140607,2024-04-24
140607,2024-04-08
140607,2024-04-25
140607,2024-04-21
140607,2024-04-24
140607,2024-04-15
140607,2024-04-11
634649,2024-04-02
634649,2024-04-28
634649,2024-04-01
634649,2024-04-02
634649,2024-04-04
634649,2024-04-03
675,2024-04-13
675,2024-04-05
675,2024-04-21
675,2024-04-14
675,2024-04-25
675,2024-04-23
675,2024-04-05
675,2024-04-06
675,2024-04-26
675,2024-04-21
675,2024-04-20
675,2024-04-10
675,2024-04-22
767,2024-04-21
767,2024-04-27
767,2024-04-08
767,2024-04-12
767,2024-04-12
767,2024-04-13
767,2024-04-10
263115,2024-04-14
263115,2024-04-16
263115,2024-04-03
263115,2024-04-20
263115,2024-04-02
263115,2024-04-04
12,2024-04-28
12,2024-04-12
12,2024-04-28
12,2024-04-21
12,2024-04-23
12,2024-04-27
12,2024-04-02
12,2024-04-23
12,2024-04-07
12,2024-04-18
12,2024-04-18
346364,2024-04-21
346364,2024-04-30
346364,2024-04-13
245891,2024-04-06
245891,2024-04-29
259316,2024-04-21
259316,2024-04-07
259316,2024-04-08
259316,2024-04-25
259316,2024-04-16
259316,2024-04-09
259316,2024-04-04
259316,2024-04-02
259316,2024-04-28
259316,2024-04-09
259316,2024-04-13
259316,2024-04-26
259316,2024-04-25
12444,2024-04-30
12444,2024-04-23
12444,2024-04-19
12444,2024-04-21
12444,2024-04-25
12444,2024-04-20
12444,2024-04-11
12444,2024-04-28
12444,2024-04-18
12444,2024-04-27
12444,2024-04-16
12444,2024-04-07
12444,2024-04-17
12444,2024-04-17
12444,2024-04-14
12444,2024-04-27
12444,2024-04-09
12444,2024-04-15
354912,2024-04-15
354912,2024-04-14
354912,2024-04-10
354912,2024-04-27
354912,2024-04-07
354912,2024-04-19
354912,2024-04-02
354912,2024-04-24
100402,2024-04-09
557,2024-04-19
557,2024-04-19
557,2024-04-20
557,2024-04-15
557,2024-04-24
557,2024-04-19
557,2024-04-09
557,2024-04-06
557,2024-04-23
557,2024-04-05
557,2024-04-18
557,2024-04-24
557,2024-04-26
557,2024-04-16
557,2024-04-08
557,2024-04-03
557,2024-04-01
557,2024-04-24
557,2024-04-09
10681,2024-04-30
10681,2024-04-16
10681,2024-04-10
10681,2024-04-28
210577,2024-04-17
210577,2024-04-21
210577,2024-04-22
210577,2024-04-11
210577,2024-04-22
210577,2024-04-19
210577,2024-04-30
210577,2024-04-23
210577,2024-04-18
210577,2024-04-09
49051,2024-04-05
49051,2024-04-21
49051,2024-04-08
49051,2024-04-28
49051,2024-04-08
49051,2024-04-29
49051,2024-04-27
49051,2024-04-13
49051,2024-04-30
49051,2024-04-12
49051,2024-04-26
49051,2024-04-23
49051,2024-04-16
49051,2024-04-02
49051,2024-04-30
49051,2024-04-25
49051,2024-04-13
49051,2024-04-13
49051,2024-04-10
585,2024-04-07
585,2024-04-10
585,2024-04-18
585,2024-04-04
585,2024-04-22
585,2024-04-20
585,2024-04-19
585,2024-04-04
585,2024-04-27
585,2024-04-16
585,2024-04-21
585,2024-04-15
862,2024-04-25
862,2024-04-24
862,2024-04-18
862,2024-04-30
862,2024-04-03
862,2024-04-10
862,2024-04-28
862,2024-04-26
862,2024-04-17
281957,2024-04-15
281957,2024-04-13
281957,2024-04-10
281957,2024-04-17
281957,2024-04-29
281957,2024-04-17
281957,2024-04-13
281957,2024-04-04
281957,2024-04-07
281957,2024-04-30
281957,2024-04-28
281957,2024-04-23
281957,2024-04-10
281957,2024-04-24
281957,2024-04-04
281957,2024-04-14
281957,2024-04-16
209112,2024-04-30
209112,2024-04-18
209112,2024-04-05
209112,2024-04-12
209112,2024-04-06
209112,2024-04-07
209112,2024-04-11
209112,2024-04-19
209112,2024-04-12
209112,2024-04-16
209112,2024-04-08
209112,2024-04-18
209112,2024-04-05
209112,2024-04-21
209112,2024-04-16
8587,2024-04-21
8587,2024-04-01
8587,2024-04-24
8587,2024-04-11
8587,2024-04-16
8587,2024-04-29
8587,2024-04-01
8587,2024-04-28
8587,2024-04-15
8587,2024-04-18
8587,2024-04-18
8587,2024-04-05
8587,2024-04-21
8587,2024-04-04
8587,2024-04-14
8587,2024-04-30
98,2024-04-23
98,2024-04-13
98,2024-04-09
98,2024-04-03
98,2024-04-17
98,2024-04-02
98,2024-04-10
98,2024-04-01
98,2024-04-19
98,2024-04-10
98,2024-04-17
98,2024-04-02
98,2024-04-22
98,2024-04-15
98,2024-04-21
37165,2024-04-01
37165,2024-04-26
37165,2024-04-02
37165,2024-04-24
37165,2024-04-07
37165,2024-04-24
37165,2024-04-04
37165,2024-04-19
37165,2024-04-09
37165,2024-04-24
37165,2024-04-22
37165,2024-04-27
37165,2024-04-11
37165,2024-04-27
37165,2024-04-11
37165,2024-04-05
9806,2024-04-28
9806,2024-04-24
9806,2024-04-01
9806,2024-04-21
9806,2024-04-05
9806,2024-04-13
9806,2024-04-19
9806,2024-04-02
9806,2024-04-04
9806,2024-04-21
9806,2024-04-14
9806,2024-04-19
9806,2024-04-20
9806,2024-04-27
329865,2024-04-21
329865,2024-04-03
329865,2024-04-04
329865,2024-04-27
329865,2024-04-30
496243,2024-04-26
496243,2024-04-29
496243,2024-04-21
496243,2024-04-21
496243,2024-04-29
496243,2024-04-14
496243,2024-04-13
76338,2024-04-01
76338,2024-04-28
76338,2024-04-19
76338,2024-04-11
76338,2024-04-01
76338,2024-04-12
76338,2024-04-18
76338,2024-04-09
76338,2024-04-24
76338,2024-04-02
1930,2024-04-17
1930,2024-04-21
1930,2024-04-01
1930,2024-04-19
1930,2024-04-17
1930,2024-04-13
381288,2024-04-29
381288,2024-04-09
381288,2024-04-22
381288,2024-04-15
381288,2024-04-02
381288,2024-04-10
381288,2024-04-03
381288,2024-04-11
381288,2024-04-24
381288,2024-04-01
381288,2024-04-26
381288,2024-04-22
381288,2024-04-25
381288,2024-04-02
381288,2024-04-27
381288,2024-04-28
381288,2024-04-06
383498,2024-04-09
383498,2024-04-13
383498,2024-04-02
694,2024-04-27
694,2024-04-24
694,2024-04-27
694,2024-04-19
694,2024-04-18
694,2024-04-01
694,2024-04-01
694,2024-04-12
694,2024-04-12
24,2024-04-26
24,2024-04-27
24,2024-04-28
24,2024-04-12
24,2024-04-01
101299,2024-04-23
101299,2024-04-07
77338,2024-04-21
77338,2024-04-14
77338,2024-04-02
419430,2024-04-13
419430,2024-04-25
419430,2024-04-18
419430,2024-04-17
419430,2024-04-26
419430,2024-04-23
419430,2024-04-16
419430,2024-04-02
205596,2024-04-02
205596,2024-04-02
205596,2024-04-16
205596,2024-04-18
205596,2024-04-01
205596,2024-04-26
205596,2024-04-21
205596,2024-04-01
205596,2024-04-13
205596,2024-04-06
205596,2024-04-08
205596,2024-04-04
205596,2024-04-14
205596,2024-04-19
205596,2024-04-14
205596,2024-04-27
424694,2024-04-25
424694,2024-04-12
424694,2024-04-04
424694,2024-04-23
424694,2024-04-16
424694,2024-04-08
424694,2024-04-22
424694,2024-04-05
424694,2024-04-24
424694,2024-04-21
424694,2024-04-01
424694,2024-04-22
424694,2024-04-30
424694,2024-04-08
424694,2024-04-04
424694,2024-04-06
497,2024-04-11
198663,2024-04-28
198663,2024-04-05
198663,2024-04-17
198663,2024-04-09
198663,2024-04-18
198663,2024-04-24
198663,2024-04-18
198663,2024-04-01
18785,2024-04-25
18785,2024-04-20
18785,2024-04-14
18785,2024-04-27
18785,2024-04-25
18785,2024-04-20
18785,2024-04-14
18785,2024-04-12
18785,2024-04-24
18785,2024-04-21
18785,2024-04-12
18785,2024-04-03
18785,2024-04-05
1891,2024-04-24
1891,2024-04-11
1891,2024-04-17
1891,2024-04-16
1891,2024-04-27
1891,2024-04-26
1891,2024-04-24
1891,2024-04-01
1891,2024-04-11
1891,2024-04-28
1891,2024-04-12
1891,2024-04-17
1891,2024-04-11
1891,2024-04-09
1891,2024-04-07
1891,2024-04-19
1891,2024-04-30
1891,2024-04-25
1891,2024-04-01
1891,2024-04-22
808,2024-04-12
808,2024-04-01
808,2024-04-11
808,2024-04-10
808,2024-04-19
808,2024-04-17
808,2024-04-15
808,2024-04-21
808,2024-04-26
808,2024-04-22
808,2024-04-28
808,2024-04-21
808,2024-04-24
2062,2024-04-30
2062,2024-04-20
2062,2024-04-24
2062,2024-04-08
2062,2024-04-19
2062,2024-04-26
2062,2024-04-18
2062,2024-04-14
2062,2024-04-16
2062,2024-04-02
2062,2024-04-15
2062,2024-04-03
2062,2024-04-20
2062,2024-04-10
2062,2024-04-05
2062,2024-04-20
2062,2024-04-20
2062,2024-04-03
2062,2024-04-28
207703,2024-04-23
207703,2024-04-01
207703,2024-04-15
207703,2024-04-18
207703,2024-04-22
207703,2024-04-22
207703,2024-04-12
313369,2024-04-02
313369,2024-04-14
313369,2024-04-30
313369,2024-04-19
313369,2024-04-02
313369,2024-04-06
313369,2024-04-28
313369,2024-04-24
313369,2024-04-21
313369,2024-04-25
313369,2024-04-29
313369,2024-04-20
313369,2024-04-12
313369,2024-04-17
313369,2024-04-11
313369,2024-04-02
313369,2024-04-10
313369,2024-04-17
313369,2024-04-26
313369,2024-04-27
109445,2024-04-07
109445,2024-04-24
109445,2024-04-04
109445,2024-04-05
109445,2024-04-05
109445,2024-04-28
109445,2024-04-26
374720,2024-04-14
374720,2024-04-30
374720,2024-04-03
374720,2024-04-02
374720,2024-04-16
374720,2024-04-23
374720,2024-04-27
374720,2024-04-20
374720,2024-04-06
374720,2024-04-03
374720,2024-04-16
374720,2024-04-11
374720,2024-04-10
374720,2024-04-10
374720,2024-04-04
374720,2024-04-04
374720,2024-04-25
374720,2024-04-15
374720,2024-04-17
269149,2024-04-14
269149,2024-04-02
269149,2024-04-08
269149,2024-04-29
269149,2024-04-03
269149,2024-04-12
269149,2024-04-08
269149,2024-04-13
269149,2024-04-13
269149,2024-04-18
269149,2024-04-15
269149,2024-04-19
269149,2024-04-29
269149,2024-04-03
269149,2024-04-26
240832,2024-04-13
240832,2024-04-22
240832,2024-04-17
240832,2024-04-10
240832,2024-04-08
240832,2024-04-24
240832,2024-04-12
240832,2024-04-19
240832,2024-04-17
240832,2024-04-12
240832,2024-04-06
240832,2024-04-25
240832,2024-04-16
240832,2024-04-08
240832,2024-04-03
240832,2024-04-06
329,2024-04-15
329,2024-04-25
329,2024-04-30
329,2024-04-02
329,2024-04-22
329,2024-04-15
329,2024-04-29
329,2024-04-21
329,2024-04-25
329,2024-04-30
329,2024-04-08
329,2024-04-07
329,2024-04-12
329,2024-04-08
329,2024-04-04
274,2024-04-20
274,2024-04-26
274,2024-04-20
274,2024-04-21
274,2024-04-03
129,2024-04-04
129,2024-04-19
129,2024-04-18
129,2024-04-12
129,2024-04-25
129,2024-04-15
129,2024-04-12
129,2024-04-07
129,2024-04-26
129,2024-04-01
129,2024-04-22
129,2024-04-23
129,2024-04-20
129,2024-04-29
129,2024-04-19
129,2024-04-07
321612,2024-04-25
321612,2024-04-21
321612,2024-04-13
321612,2024-04-27
321612,2024-04-28
321612,2024-04-30
321612,2024-04-16
58,2024-04-27
58,2024-04-28
58,2024-04-11
58,2024-04-08
58,2024-04-06
58,2024-04-27
58,2024-04-29
58,2024-04-07
58,2024-04-28
58,2024-04-18
58,2024-04-17
58,2024-04-19
177572,2024-04-02
177572,2024-04-21
177572,2024-04-27
177572,2024-04-18
177572,2024-04-29
177572,2024-04-14
177572,2024-04-03
177572,2024-04-24
177572,2024-04-09
177572,2024-04-07
75656,2024-04-09
75656,2024-04-20
75656,2024-04-12
75656,2024-04-29
131631,2024-04-29
131631,2024-04-19
131631,2024-04-22
131631,2024-04-10
131631,2024-04-11
131631,2024-04-16
335983,2024-04-25
335983,2024-04-05
335983,2024-04-13
335983,2024-04-11
335983,2024-04-25
335983,2024-04-12
335983,2024-04-10
335983,2024-04-20
335983,2024-04-13
335983,2024-04-21
335983,2024-04-09
335983,2024-04-23
335983,2024-04-19
335983,2024-04-23
1124,2024-04-19
1124,2024-04-17
1124,2024-04-11
1124,2024-04-03
1124,2024-04-01
1124,2024-04-06
1124,2024-04-26
1124,2024-04-02
1124,2024-04-03
1124,2024-04-24
1124,2024-04-18
1124,2024-04-10
6479,2024-04-29
6479,2024-04-12
6479,2024-04-27
6479,2024-04-03
6479,2024-04-26
6479,2024-04-28
6479,2024-04-26
6479,2024-04-23
6479,2024-04-01
6479,2024-04-08
6479,2024-04-01
6479,2024-04-02
6479,2024-04-03
6479,2024-04-10
857,2024-04-29
857,2024-04-29
857,2024-04-16
857,2024-04-26
857,2024-04-07
857,2024-04-27
857,2024-04-01
857,2024-04-27
857,2024-04-19
857,2024-04-29
857,2024-04-02
857,2024-04-05
857,2024-04-30
857,2024-04-30
857,2024-04-04
857,2024-04-14
857,2024-04-02
857,2024-04-18
857,2024-04-07
857,2024-04-06
299537,2024-04-11
299537,2024-04-18
299537,2024-04-23
299537,2024-04-19
299537,2024-04-06
299537,2024-04-16
299537,2024-04-03
299537,2024-04-25
299537,2024-04-19
299537,2024-04-27
299537,2024-04-16
299537,2024-04-13
299537,2024-04-13
339403,2024-04-01
339403,2024-04-27
339403,2024-04-16
339403,2024-04-15
339403,2024-04-13
339403,2024-04-19
339403,2024-04-11
339403,2024-04-24
339403,2024-04-23
339403,2024-04-08
339403,2024-04-07
339403,2024-04-22
339403,2024-04-27
339403,2024-04-27
339403,2024-04-03
424,2024-04-18
424,2024-04-26
424,2024-04-30
424,2024-04-15
424,2024-04-03
424,2024-04-21
424,2024-04-10
424,2024-04-09
424,2024-04-09
424,2024-04-05
424,2024-04-21
424,2024-04-24
1892,2024-04-15
1892,2024-04-13
1892,2024-04-02
1892,2024-04-22
1892,2024-04-14
1892,2024-04-24
1892,2024-04-27
1892,2024-04-25
1892,2024-04-09
1892,2024-04-04
429617,2024-04-30
429617,2024-04-28
429617,2024-04-16
429617,2024-04-03
429617,2024-04-11
429617,2024-04-18
429617,2024-04-16
429617,2024-04-17
429617,2024-04-02
429617,2024-04-08
429617,2024-04-09
429617,2024-04-02
429617,2024-04-14
429617,2024-04-24
429617,2024-04-04
429617,2024-04-14
429617,2024-04-06
429617,2024-04-30
429617,2024-04-29
429617,2024-04-21
37724,2024-04-28
37724,2024-04-25
37724,2024-04-20
37724,2024-04-28
37724,2024-04-11
37724,2024-04-24
49047,2024-04-06
49047,2024-04-02
49047,2024-04-11
49047,2024-04-30
49047,2024-04-13
49047,2024-04-21
49047,2024-04-11
49047,2024-04-15
49047,2024-04-10
49047,2024-04-02
49047,2024-04-07
49047,2024-04-01
49047,2024-04-11
49047,2024-04-14
49047,2024-04-11
49047,2024-04-19
49047,2024-04-20
49047,2024-04-11
127585,2024-04-28
127585,2024-04-18
127585,2024-04-28
127585,2024-04-25
127585,2024-04-02
127585,2024-04-20
127585,2024-04-16
127585,2024-04-04
127585,2024-04-28
127585,2024-04-14
127585,2024-04-19
127585,2024-04-14
333339,2024-04-05
333339,2024-04-19
333339,2024-04-07
333339,2024-04-26
333339,2024-04-24
333339,2024-04-20
333339,2024-04-12
333339,2024-04-04
333339,2024-04-16
333339,2024-04-01
72190,2024-04-02
72190,2024-04-05
72190,2024-04-14
72190,2024-04-17
72190,2024-04-12
72190,2024-04-17
640,2024-04-17
640,2024-04-27
640,2024-04-22
640,2024-04-09
640,2024-04-11
330459,2024-04-07
330459,2024-04-22
330459,2024-04-13
330459,2024-04-16
330459,2024-04-22
330459,2024-04-12
330459,2024-04-15
330459,2024-04-17
330459,2024-04-07
181808,2024-04-18
181808,2024-04-27
181808,2024-04-16
181808,2024-04-29
181808,2024-04-05
181808,2024-04-28
181808,2024-04-12
181808,2024-04-23
181808,2024-04-24
181808,2024-04-28
181808,2024-04-13
181808,2024-04-23
181808,2024-04-11
181808,2024-04-25
181808,2024-04-24
49521,2024-04-03
49521,2024-04-17
49521,2024-04-09
49521,2024-04-25
49521,2024-04-09
49521,2024-04-22
49521,2024-04-26
49521,2024-04-14
49521,2024-04-09
49521,2024-04-20
49521,2024-04-05
49521,2024-04-28
20352,2024-04-12
20352,2024-04-09
20352,2024-04-06
20352,2024-04-04
20352,2024-04-01
558,2024-04-29
558,2024-04-29
558,2024-04-20
558,2024-04-26
558,2024-04-24
558,2024-04-20
558,2024-04-11
558,2024-04-12
324857,2024-04-18
324857,2024-04-16
324857,2024-04-23
324857,2024-04-29
324857,2024-04-18
324857,2024-04-28
324857,2024-04-17
324857,2024-04-29
324857,2024-04-30
324857,2024-04-02
324857,2024-04-08
324857,2024-04-20
324857,2024-04-13
324857,2024-04-28
118,2024-04-12
118,2024-04-16
118,2024-04-14
118,2024-04-15
118,2024-04-06
118,2024-04-18
244786,2024-04-20
244786,2024-04-07
244786,2024-04-10
1422,2024-04-28
1422,2024-04-21
1422,2024-04-30
1422,2024-04-11
1422,2024-04-30
1422,2024-04-29
1422,2024-04-08
1422,2024-04-18
120467,2024-04-08
120467,2024-04-21
120467,2024-04-12
120467,2024-04-10
120467,2024-04-11
10193,2024-04-29
10193,2024-04-15
10193,2024-04-09
77,2024-04-09
77,2024-04-15
77,2024-04-03
77,2024-04-14
77,2024-04-10
77,2024-04-01
77,2024-04-18
77,2024-04-09
77,2024-04-26
38,2024-04-30
101,2024-04-07
101,2024-04-29
101,2024-04-21
101,2024-04-10
101,2024-04-25
101,2024-04-19
101,2024-04-18
101,2024-04-13
101,2024-04-19
101,2024-04-28
101,2024-04-12
101,2024-04-24
101,2024-04-24
44214,2024-04-06
44214,2024-04-10
44214,2024-04-28
44214,2024-04-01
44214,2024-04-06
44214,2024-04-30
44214,2024-04-21
44214,2024-04-17
44214,2024-04-28
44214,2024-04-01
44214,2024-04-17
44214,2024-04-25
44214,2024-04-01
44214,2024-04-30
44214,2024-04-13
44214,2024-04-02
44214,2024-04-04
44214,2024-04-09
44214,2024-04-30
44214,2024-04-18
752,2024-04-26
752,2024-04-29
752,2024-04-09
752,2024-04-03
752,2024-04-01
752,2024-04-21
752,2024-04-18
752,2024-04-04
752,2024-04-28
752,2024-04-06
1893,2024-04-30
1893,2024-04-19
1893,2024-04-09
1893,2024-04-27
1893,2024-04-16
1893,2024-04-15
1893,2024-04-22
1893,2024-04-09
1893,2024-04-13
1893,2024-04-26
1893,2024-04-05
1893,2024-04-28
1893,2024-04-18
1893,2024-04-30
1893,2024-04-01
1893,2024-04-06
1893,2024-04-17
1893,2024-04-27
152601,2024-04-13
152601,2024-04-17
152601,2024-04-01
152601,2024-04-18
152601,2024-04-25
152601,2024-04-16
152601,2024-04-08
152601,2024-04-11
152601,2024-04-05
152601,2024-04-16
152601,2024-04-17
152601,2024-04-22
285,2024-04-01
285,2024-04-23
285,2024-04-05
285,2024-04-15
285,2024-04-16
285,2024-04-23
285,2024-04-07
285,2024-04-13
285,2024-04-11
285,2024-04-09
285,2024-04-09
285,2024-04-01
285,2024-04-03
285,2024-04-16
122917,2024-04-26
122917,2024-04-06
122917,2024-04-08
122917,2024-04-07
122917,2024-04-11
122917,2024-04-23
122917,2024-04-11
122917,2024-04-24
122917,2024-04-07
122917,2024-04-25
122917,2024-04-08
122917,2024-04-22
122917,2024-04-13
122917,2024-04-24
122917,2024-04-23
122917,2024-04-01
122917,2024-04-02
122917,2024-04-15
122917,2024-04-25
122917,2024-04-01
500,2024-04-02
500,2024-04-02
500,2024-04-15
500,2024-04-06
273248,2024-04-03
273248,2024-04-28
273248,2024-04-24
273248,2024-04-03
273248,2024-04-06
273248,2024-04-07
273248,2024-04-04
273248,2024-04-23
273248,2024-04-03
273248,2024-04-07
273248,2024-04-14
273248,2024-04-25
273248,2024-04-24
273248,2024-04-25
273248,2024-04-29
273248,2024-04-04
273248,2024-04-01
348,2024-04-25
348,2024-04-29
348,2024-04-16
348,2024-04-23
348,2024-04-17
348,2024-04-17
348,2024-04-04
348,2024-04-17
348,2024-04-19
348,2024-04-02
10528,2024-04-01
10528,2024-04-10
10528,2024-04-15
10528,2024-04-20
10528,2024-04-23
10528,2024-04-12
10528,2024-04-26
10528,2024-04-15
10528,2024-04-20
10528,2024-04-25
10528,2024-04-06
10528,2024-04-16
10528,2024-04-08
10528,2024-04-19
10528,2024-04-19
10528,2024-04-16
10528,2024-04-01
12155,2024-04-11
12155,2024-04-17
12155,2024-04-08
12155,2024-04-29
12155,2024-04-05
12155,2024-04-03
12155,2024-04-29
12155,2024-04-26
12155,2024-04-17
12155,2024-04-10
12155,2024-04-28
12155,2024-04-16
12155,2024-04-08
12155,2024-04-22
12155,2024-04-01
12155,2024-04-24
12155,2024-04-13
12155,2024-04-29
12155,2024-04-07
12155,2024-04-13
1865,2024-04-13
1865,2024-04-16
1865,2024-04-24
1865,2024-04-05
1865,2024-04-18
1865,2024-04-21
1865,2024-04-16
1865,2024-04-11
1865,2024-04-20
1865,2024-04-03
1865,2024-04-30
1865,2024-04-04
1865,2024-04-26
1865,2024-04-22
1865,2024-04-21
1865,2024-04-09
559,2024-04-27
559,2024-04-14
559,2024-04-06
559,2024-04-08
559,2024-04-18
559,2024-04-23
559,2024-04-29
559,2024-04-10
559,2024-04-27
559,2024-04-02
559,2024-04-22
447332,2024-04-11
447332,2024-04-27
447332,2024-04-03
447332,2024-04-19
447332,2024-04-26
447332,2024-04-23
447332,2024-04-26
447332,2024-04-18
297802,2024-04-14
297802,2024-04-30
297802,2024-04-14
297802,2024-04-02
297802,2024-04-05
297802,2024-04-17
297802,2024-04-08
297802,2024-04-21
297802,2024-04-05
297802,2024-04-13
297802,2024-04-18
297802,2024-04-02
297802,2024-04-01
297802,2024-04-05
297802,2024-04-14
297802,2024-04-13
297802,2024-04-22
297802,2024-04-25
297802,2024-04-28
393,2024-04-12
393,2024-04-21
393,2024-04-11
393,2024-04-05
393,2024-04-01
393,2024-04-08
393,2024-04-04
393,2024-04-18
393,2024-04-17
393,2024-04-07
393,2024-04-07
393,2024-04-10
393,2024-04-01
393,2024-04-29
393,2024-04-18
393,2024-04-30
393,2024-04-07
393,2024-04-14
920,2024-04-23
920,2024-04-15
920,2024-04-21
920,2024-04-28
920,2024-04-16
920,2024-04-18
920,2024-04-05
920,2024-04-25
920,2024-04-09
920,2024-04-16
920,2024-04-14
920,2024-04-01
920,2024-04-05
920,2024-04-03
863,2024-04-06
863,2024-04-29
863,2024-04-03
863,2024-04-27
863,2024-04-04
863,2024-04-17
863,2024-04-04
863,2024-04-20
863,2024-04-11
863,2024-04-02
863,2024-04-04
863,2024-04-16
863,2024-04-20
863,2024-04-29
863,2024-04-10
863,2024-04-28
863,2024-04-13
863,2024-04-03
863,2024-04-21
863,2024-04-15
607,2024-04-09
607,2024-04-13
607,2024-04-13
607,2024-04-25
607,2024-04-03
607,2024-04-17
607,2024-04-26
607,2024-04-20
607,2024-04-28
607,2024-04-05
607,2024-04-08
607,2024-04-08
607,2024-04-20
607,2024-04-28
607,2024-04-21
607,2024-04-12
137113,2024-04-15
1271,2024-04-12
1271,2024-04-16
1271,2024-04-15
1271,2024-04-09
1271,2024-04-16
1271,2024-04-10
1271,2024-04-18
1271,2024-04-17
1271,2024-04-13
1271,2024-04-30
1271,2024-04-27
1271,2024-04-06
353486,2024-04-02
353486,2024-04-13
353486,2024-04-08
353486,2024-04-24
353486,2024-04-15
353486,2024-04-13
353486,2024-04-04
353486,2024-04-04
353486,2024-04-23
353486,2024-04-04
353486,2024-04-04
353486,2024-04-13
353486,2024-04-07
353486,2024-04-04
353486,2024-04-07
353486,2024-04-23
353486,2024-04-23
78,2024-04-06
78,2024-04-17
78,2024-04-16
78,2024-04-08
78,2024-04-27
78,2024-04-30
78,2024-04-27
78,2024-04-26
78,2024-04-18
78,2024-04-27
78,2024-04-15
78,2024-04-27
78,2024-04-19
78,2024-04-07
78,2024-04-11
78,2024-04-22
78,2024-04-17
1895,2024-04-14
324786,2024-04-29
324786,2024-04-18
324786,2024-04-21
324786,2024-04-12
8966,2024-04-24
8966,2024-04-08
8966,2024-04-05
8966,2024-04-22
8966,2024-04-24
8966,2024-04-29
8966,2024-04-08
8966,2024-04-15
8966,2024-04-21
8966,2024-04-02
8966,2024-04-23
8966,2024-04-22
8966,2024-04-28
8966,2024-04-28
8966,2024-04-13
8966,2024-04-21
8966,2024-04-30
62177,2024-04-10
62177,2024-04-25
62177,2024-04-28
62177,2024-04-26
62177,2024-04-19
363088,2024-04-15
363088,2024-04-17
102651,2024-04-29
102651,2024-04-05
102651,2024-04-15
102651,2024-04-20
102651,2024-04-10
102651,2024-04-30
102651,2024-04-23
102651,2024-04-19
102651,2024-04-26
102651,2024-04-01
102651,2024-04-21
102651,2024-04-12
102651,2024-04-25
102651,2024-04-22
274870,2024-04-10
274870,2024-04-14
274870,2024-04-15
274870,2024-04-01
274870,2024-04-01
274870,2024-04-16
274870,2024-04-06
274870,2024-04-03
274870,2024-04-07
274870,2024-04-23
274870,2024-04-02
274870,2024-04-08
274870,2024-04-03
274870,2024-04-07
274870,2024-04-18
274870,2024-04-10
274870,2024-04-05
274870,2024-04-05
274870,2024-04-07
87827,2024-04-03
264660,2024-04-16
264660,2024-04-19
264660,2024-04-25
264660,2024-04-02
264660,2024-04-03
264660,2024-04-15
264660,2024-04-07
102382,2024-04-04
102382,2024-04-14
102382,2024-04-12
102382,2024-04-28
102382,2024-04-10
102382,2024-04-09
102382,2024-04-04
102382,2024-04-19
102382,2024-04-04
102382,2024-04-24
102382,2024-04-23
102382,2024-04-01
102382,2024-04-05
102382,2024-04-03
102382,2024-04-20
102382,2024-04-01
102382,2024-04-01
102382,2024-04-10
102382,2024-04-28
335984,2024-04-22
335984,2024-04-08
335984,2024-04-06
335984,2024-04-11
335984,2024-04-30
335984,2024-04-24
335984,2024-04-06
335984,2024-04-08
425,2024-04-01
425,2024-04-18
425,2024-04-14
425,2024-04-03
425,2024-04-25
425,2024-04-17
425,2024-04-10
425,2024-04-04
425,2024-04-05
1894,2024-04-01
1894,2024-04-22
1894,2024-04-26
1894,2024-04-20
1894,2024-04-24
1894,2024-04-29
1894,2024-04-05
1894,2024-04-29
1894,2024-04-21
141052,2024-04-02
141052,2024-04-01
141052,2024-04-29
141052,2024-04-02
141052,2024-04-26
141052,2024-04-30
141052,2024-04-08
141052,2024-04-05
141052,2024-04-07
141052,2024-04-25
141052,2024-04-21
141052,2024-04-25
141052,2024-04-29
141052,2024-04-28
141052,2024-04-28
141052,2024-04-18
141052,2024-04-27
57158,2024-04-30
466272,2024-04-18
466272,2024-04-06
466272,2024-04-18
466272,2024-04-17
466272,2024-04-25
466272,2024-04-17
466272,2024-04-18
637,2024-04-12
637,2024-04-14
637,2024-04-26
637,2024-04-30
246655,2024-04-08
246655,2024-04-13
194662,2024-04-19
194662,2024-04-25
194662,2024-04-21
194662,2024-04-10
194662,2024-04-20
194662,2024-04-29
194662,2024-04-23
194662,2024-04-23
157350,2024-04-05
157350,2024-04-25
157350,2024-04-09
157350,2024-04-24
157350,2024-04-16
157350,2024-04-06
157350,2024-04-18
157350,2024-04-08
157350,2024-04-23
157350,2024-04-09
157350,2024-04-08
157350,2024-04-15
157350,2024-04-17
190859,2024-04-13
190859,2024-04-02
10191,2024-04-06
10191,2024-04-09
10191,2024-04-12
10191,2024-04-17
10191,2024-04-09
10191,2024-04-01
10191,2024-04-20
10191,2024-04-06
10191,2024-04-01
10191,2024-04-12
10191,2024-04-01
10191,2024-04-28
10191,2024-04-22
10191,2024-04-19
10191,2024-04-22
10191,2024-04-30
10191,2024-04-30
10191,2024-04-26
10191,2024-04-17
260513,2024-04-09
260513,2024-04-27
260513,2024-04-05
260513,2024-04-24
260513,2024-04-12
260513,2024-04-22
162,2024-04-10
162,2024-04-21
162,2024-04-16
162,2024-04-12
162,2024-04-28
162,2024-04-01
162,2024-04-02
162,2024-04-04
162,2024-04-22
162,2024-04-18
162,2024-04-29
162,2024-04-10
162,2024-04-18
162,2024-04-30
162,2024-04-17
162,2024-04-03
162,2024-04-18
324552,2024-04-28
324552,2024-04-12
324552,2024-04-18
324552,2024-04-26
324552,2024-04-30
324552,2024-04-25
324552,2024-04-19
324552,2024-04-20
324552,2024-04-03
49538,2024-04-07
49538,2024-04-01
185,2024-04-12
185,2024-04-04
185,2024-04-26
185,2024-04-06
185,2024-04-25
185,2024-04-11
185,2024-04-09
185,2024-04-10
185,2024-04-29
4922,2024-04-26
4922,2024-04-13
4922,2024-04-12
4922,2024-04-13
4922,2024-04-18
4922,2024-04-26
4922,2024-04-11
4922,2024-04-04
4922,2024-04-30
4922,2024-04-07
4922,2024-04-16
218,2024-04-12
218,2024-04-30
218,2024-04-14
218,2024-04-10
218,2024-04-10
218,2024-04-23
218,2024-04-08
218,2024-04-22
218,2024-04-21
218,2024-04-07
218,2024-04-11
218,2024-04-19
218,2024-04-24
218,2024-04-24
218,2024-04-16
218,2024-04-15
218,2024-04-26
218,2024-04-26
165,2024-04-08
165,2024-04-20
165,2024-04-04
165,2024-04-20
165,2024-04-29
165,2024-04-22
165,2024-04-24
165,2024-04-17
165,2024-04-21
165,2024-04-11
165,2024-04-01
165,2024-04-28
165,2024-04-04
280,2024-04-08
280,2024-04-15
280,2024-04-27
280,2024-04-16
280,2024-04-20
280,2024-04-12
280,2024-04-02
280,2024-04-26
280,2024-04-13
280,2024-04-17
280,2024-04-08
280,2024-04-09
280,2024-04-20
280,2024-04-25
280,2024-04-10
280,2024-04-15
280,2024-04-24
769,2024-04-29
769,2024-04-24
769,2024-04-17
769,2024-04-06
769,2024-04-08
769,2024-04-13
769,2024-04-02
769,2024-04-05
769,2024-04-27
769,2024-04-28
769,2024-04-08
769,2024-04-23
769,2024-04-30
769,2024-04-12
769,2024-04-25
64690,2024-04-21
64690,2024-04-22
64690,2024-04-17
68726,2024-04-04
68726,2024-04-25
68726,2024-04-07
68726,2024-04-20
68726,2024-04-16
68726,2024-04-27
68726,2024-04-09
68726,2024-04-07
131634,2024-04-02
131634,2024-04-16
131634,2024-04-20
131634,2024-04-13
131634,2024-04-17
131634,2024-04-24
131634,2024-04-15
131634,2024-04-03
131634,2024-04-16
131634,2024-04-14
131634,2024-04-22
131634,2024-04-25
131634,2024-04-01
131634,2024-04-11
131634,2024-04-19
82690,2024-04-17
82690,2024-04-05
82690,2024-04-13
82690,2024-04-20
141,2024-04-30
141,2024-04-20
72105,2024-04-27
72105,2024-04-30
72105,2024-04-24
72105,2024-04-26
72105,2024-04-16
72105,2024-04-30
72105,2024-04-22
72105,2024-04-09
72105,2024-04-01
72105,2024-04-19
72105,2024-04-19
72105,2024-04-12
72105,2024-04-03
72105,2024-04-18
72105,2024-04-23
64682,2024-04-13
64682,2024-04-26
277834,2024-04-12
277834,2024-04-02
277834,2024-04-12
277834,2024-04-06
277834,2024-04-18
277834,2024-04-12
277834,2024-04-30
277834,2024-04-30
277834,2024-04-30
277834,2024-04-11
277834,2024-04-17
277834,2024-04-16
277834,2024-04-30
277834,2024-04-07
277834,2024-04-04
399055,2024-04-27
399055,2024-04-25
85,2024-04-17
85,2024-04-28
85,2024-04-10
85,2024-04-18
85,2024-04-13
85,2024-04-12
85,2024-04-24
85,2024-04-10
85,2024-04-26
85,2024-04-16
85,2024-04-18
85,2024-04-10
85,2024-04-01
85,2024-04-20
85,2024-04-01
85,2024-04-29
85,2024-04-02
85,2024-04-30
85,2024-04-26
19908,2024-04-24
19908,2024-04-11
19908,2024-04-27
19908,2024-04-06
19908,2024-04-12
19908,2024-04-23
19908,2024-04-03
19908,2024-04-11
127380,2024-04-02
127380,2024-04-21
127380,2024-04-25
127380,2024-04-02
127380,2024-04-21
127380,2024-04-23
127380,2024-04-21
127380,2024-04-26
127380,2024-04-02
127380,2024-04-30
127380,2024-04-20
127380,2024-04-30
127380,2024-04-08
127380,2024-04-24
127380,2024-04-28
127380,2024-04-30
296096,2024-04-28
296096,2024-04-28
296096,2024-04-15
296096,2024-04-14
296096,2024-04-09
296096,2024-04-05
296096,2024-04-28
296096,2024-04-19
296096,2024-04-25
296096,2024-04-19
296096,2024-04-09
296096,2024-04-28
296096,2024-04-08
296096,2024-04-20
296096,2024-04-25
530915,2024-04-29
398818,2024-04-23
82693,2024-04-11
82693,2024-04-06
82693,2024-04-13
809,2024-04-23
809,2024-04-12
809,2024-04-24
809,2024-04-18
809,2024-04-30
14161,2024-04-30
14161,2024-04-08
14161,2024-04-14
14161,2024-04-08
14161,2024-04-23
14161,2024-04-30
14161,2024-04-14
14161,2024-04-01
14161,2024-04-12
14161,2024-04-17
14161,2024-04-09
240,2024-04-23
240,2024-04-12
240,2024-04-15
240,2024-04-14
240,2024-04-29
240,2024-04-04
240,2024-04-18
240,2024-04-28
240,2024-04-16
240,2024-04-03
240,2024-04-18
240,2024-04-10
240,2024-04-25
240,2024-04-10
240,2024-04-10
240,2024-04-26
240,2024-04-16
240,2024-04-15
14,2024-04-04
14,2024-04-23
14,2024-04-03
14,2024-04-11
14,2024-04-25
14,2024-04-14
14,2024-04-21
14,2024-04-20
14,2024-04-16
14,2024-04-28
14,2024-04-01
70981,2024-04-24
70981,2024-04-15
37799,2024-04-11
37799,2024-04-08
37799,2024-04-21
37799,2024-04-20
37799,2024-04-02
37799,2024-04-13
37799,2024-04-26
37799,2024-04-16
37799,2024-04-10
37799,2024-04-10
37799,2024-04-06
37799,2024-04-12
37799,2024-04-05
37799,2024-04-22
37799,2024-04-18
37799,2024-04-11
37799,2024-04-27
37799,2024-04-16
37799,2024-04-21
37799,2024-04-09
166426,2024-04-14
166426,2024-04-29
546554,2024-04-18
546554,2024-04-02
546554,2024-04-09
546554,2024-04-01
546554,2024-04-24
546554,2024-04-23
546554,2024-04-11
546554,2024-04-20
546554,2024-04-15
546554,2024-04-11
546554,2024-04-06
546554,2024-04-20
546554,2024-04-17
546554,2024-04-12
489,2024-04-04
489,2024-04-12
489,2024-04-15
489,2024-04-01
489,2024-04-17
489,2024-04-26
489,2024-04-04
489,2024-04-06
489,2024-04-11
489,2024-04-13
489,2024-04-08
489,2024-04-08
489,2024-04-24
489,2024-04-07
489,2024-04-30
489,2024-04-24
489,2024-04-23
216015,2024-04-27
216015,2024-04-28
216015,2024-04-23
216015,2024-04-19
216015,2024-04-02
216015,2024-04-01
216015,2024-04-11
216015,2024-04-29
216015,2024-04-13
216015,2024-04-18
350,2024-04-08
350,2024-04-25
350,2024-04-03
103,2024-04-13
103,2024-04-01
103,2024-04-08
103,2024-04-26
103,2024-04-14
103,2024-04-01
103,2024-04-19
103,2024-04-22
103,2024-04-01
103,2024-04-26
103,2024-04-10
103,2024-04-22
103,2024-04-03
332562,2024-04-23
332562,2024-04-04
332562,2024-04-14
332562,2024-04-16
332562,2024-04-26
332562,2024-04-26
332562,2024-04-03
332562,2024-04-23
332562,2024-04-05
332562,2024-04-03
332562,2024-04-15
332562,2024-04-26
332562,2024-04-12
332562,2024-04-12
332562,2024-04-04
228150,2024-04-23
228150,2024-04-26
228150,2024-04-26
228150,2024-04-01
228150,2024-04-01
228150,2024-04-07
228150,2024-04-23
228150,2024-04-01
228150,2024-04-23
228150,2024-04-07
228150,2024-04-27
228150,2024-04-22
228150,2024-04-02
228150,2024-04-27
228150,2024-04-03
228150,2024-04-14
228150,2024-04-17
228150,2024-04-15
1724,2024-04-02
1724,2024-04-26
1724,2024-04-13
1724,2024-04-03
1724,2024-04-03
1724,2024-04-20
1724,2024-04-10
1724,2024-04-21
1724,2024-04-19
1724,2024-04-21
1724,2024-04-05
1724,2024-04-25
1724,2024-04-08
1724,2024-04-05
1724,2024-04-25
1724,2024-04-09
1724,2024-04-07
1724,2024-04-23
1724,2024-04-10
23483,2024-04-26
23483,2024-04-15
23483,2024-04-28
23483,2024-04-09
23483,2024-04-04
23483,2024-04-18
23483,2024-04-17
23483,2024-04-13
23483,2024-04-19
23483,2024-04-25
23483,2024-04-17
23483,2024-04-25
23483,2024-04-29
23483,2024-04-27
23483,2024-04-06
2048,2024-04-16
2048,2024-04-13
2048,2024-04-09
2048,2024-04-30
2048,2024-04-03
2048,2024-04-07
2048,2024-04-30
2048,2024-04-07
2048,2024-04-08
2048,2024-04-04
2048,2024-04-03
6977,2024-04-27
6977,2024-04-05
6977,2024-04-14
6977,2024-04-22
6977,2024-04-08
6977,2024-04-06
6977,2024-04-21
6977,2024-04-08
6977,2024-04-15
6977,2024-04-12
6977,2024-04-20
6977,2024-04-20
61791,2024-04-18
61791,2024-04-19
61791,2024-04-10
61791,2024-04-25
61791,2024-04-27
61791,2024-04-21
61791,2024-04-07
61791,2024-04-17
61791,2024-04-24
61791,2024-04-23
61791,2024-04-28
61791,2024-04-29
61791,2024-04-18
61791,2024-04-02
61791,2024-04-28
161,2024-04-03
745,2024-04-08
745,2024-04-30
745,2024-04-03
745,2024-04-25
745,2024-04-19
194,2024-04-04
194,2024-04-25
194,2024-04-30
194,2024-04-25
194,2024-04-03
194,2024-04-03
194,2024-04-05
194,2024-04-16
194,2024-04-28
194,2024-04-07
194,2024-04-28
194,2024-04-04
194,2024-04-22
111,2024-04-26
111,2024-04-07
111,2024-04-18
111,2024-04-07
111,2024-04-15
111,2024-04-17
111,2024-04-24
111,2024-04-21
111,2024-04-27
111,2024-04-25
111,2024-04-15
111,2024-04-05
146233,2024-04-12
146233,2024-04-10
146233,2024-04-20
146233,2024-04-28
146233,2024-04-27
146233,2024-04-07
146233,2024-04-17
146233,2024-04-16
73,2024-04-20
73,2024-04-20
73,2024-04-07
73,2024-04-08
138843,2024-04-15
138843,2024-04-16
138843,2024-04-28
138843,2024-04-22
138843,2024-04-26
138843,2024-04-03
138843,2024-04-05
138843,2024-04-24
138843,2024-04-19
138843,2024-04-19
138843,2024-04-06
138843,2024-04-04
222935,2024-04-04
222935,2024-04-28
222935,2024-04-24
222935,2024-04-12
222935,2024-04-21
222935,2024-04-20
222935,2024-04-25
222935,2024-04-26
222935,2024-04-08
222935,2024-04-10
222935,2024-04-15
11036,2024-04-15
11036,2024-04-18
11036,2024-04-04
11036,2024-04-15
11036,2024-04-21
11036,2024-04-11
11036,2024-04-02
11036,2024-04-24
11036,2024-04-26
76203,2024-04-18
76203,2024-04-25
76203,2024-04-15
76203,2024-04-26
76203,2024-04-05
76203,2024-04-14
76203,2024-04-12
76203,2024-04-11
76203,2024-04-15
76203,2024-04-03
76203,2024-04-29
62,2024-04-05
62,2024-04-21
62,2024-04-24
62,2024-04-12
62,2024-04-15
62,2024-04-23
62,2024-04-29
62,2024-04-15
62,2024-04-14
49530,2024-04-01
49530,2024-04-26
49530,2024-04-05
49530,2024-04-19
49530,2024-04-24
812,2024-04-14
812,2024-04-17
812,2024-04-20
812,2024-04-23
812,2024-04-04
812,2024-04-09
812,2024-04-20
812,2024-04-02
812,2024-04-09
812,2024-04-07
812,2024-04-26
812,2024-04-13
812,2024-04-05
490132,2024-04-27
490132,2024-04-02
490132,2024-04-27
490132,2024-04-24
490132,2024-04-07
490132,2024-04-26
490132,2024-04-15
490132,2024-04-16
490132,2024-04-25
490132,2024-04-28
490132,2024-04-14
38757,2024-04-02
38757,2024-04-21
38757,2024-04-28
38757,2024-04-12
38757,2024-04-23
38757,2024-04-14
38757,2024-04-20
38757,2024-04-02
38757,2024-04-17
38757,2024-04-29
38757,2024-04-05
38757,2024-04-05
38757,2024-04-05
38757,2024-04-30
38757,2024-04-06
38757,2024-04-16
38757,2024-04-12
38757,2024-04-01
8358,2024-04-19
8358,2024-04-24
8358,2024-04-17
8358,2024-04-19
8358,2024-04-10
8358,2024-04-26
8358,2024-04-15
8358,2024-04-08
36657,2024-04-06
36657,2024-04-26
36657,2024-04-11
36657,2024-04-02
36657,2024-04-19
36657,2024-04-21
36657,2024-04-30
36657,2024-04-24
36657,2024-04-03
93456,2024-04-27
93456,2024-04-17
93456,2024-04-27
93456,2024-04-27
93456,2024-04-06
93456,2024-04-24
93456,2024-04-20
93456,2024-04-01
93456,2024-04-15
93456,2024-04-10
93456,2024-04-04
93456,2024-04-13
93456,2024-04-03
93456,2024-04-01
93456,2024-04-27
93456,2024-04-18
93456,2024-04-14
93456,2024-04-10
93456,2024-04-06
9502,2024-04-02
9502,2024-04-17
9502,2024-04-27
9502,2024-04-04
9502,2024-04-13
9502,2024-04-21
9502,2024-04-20
9502,2024-04-17
9502,2024-04-08
9502,2024-04-20
9502,2024-04-13
9502,2024-04-25
1858,2024-04-02
1858,2024-04-20
1858,2024-04-25
1858,2024-04-23
601,2024-04-03
601,2024-04-21
601,2024-04-19
601,2024-04-08
601,2024-04-15
601,2024-04-20
601,2024-04-08
601,2024-04-22
601,2024-04-17
601,2024-04-01
601,2024-04-03
601,2024-04-08
601,2024-04-16
601,2024-04-10
601,2024-04-22
601,2024-04-02
601,2024-04-12
601,2024-04-30
601,2024-04-26
8681,2024-04-24
8681,2024-04-11
8681,2024-04-17
351286,2024-04-16
351286,2024-04-04
351286,2024-04-01
351286,2024-04-07
351286,2024-04-24
351286,2024-04-04
351286,2024-04-29
351286,2024-04-15
351286,2024-04-20
351286,2024-04-02
351286,2024-04-04
351286,2024-04-20
115,2024-04-05
115,2024-04-01
115,2024-04-11
115,2024-04-15
115,2024-04-03
115,2024-04-25
115,2024-04-23
115,2024-04-02
115,2024-04-29
115,2024-04-13
115,2024-04-14
115,2024-04-18
115,2024-04-23
115,2024-04-03
115,2024-04-19
115,2024-04-30
115,2024-04-15
115,2024-04-27
119450,2024-04-19
119450,2024-04-21
207,2024-04-18
207,2024-04-20
207,2024-04-07
207,2024-04-27
207,2024-04-01
207,2024-04-10
207,2024-04-15
207,2024-04-02
207,2024-04-14
207,2024-04-30
207,2024-04-02
207,2024-04-18
207,2024-04-27
372058,2024-04-22
372058,2024-04-20
372058,2024-04-19
372058,2024-04-30
372058,2024-04-27
372058,2024-04-02
372058,2024-04-30
372058,2024-04-03
372058,2024-04-04
372058,2024-04-15
372058,2024-04-26
372058,2024-04-30
338952,2024-04-25
338952,2024-04-04
338952,2024-04-30
338952,2024-04-20
338952,2024-04-17
338952,2024-04-01
338952,2024-04-20
338952,2024-04-18
338952,2024-04-19
338952,2024-04-27
338952,2024-04-03
338952,2024-04-13
338952,2024-04-11
562,2024-04-29
562,2024-04-17
562,2024-04-10
562,2024-04-19
291805,2024-04-23
291805,2024-04-13
291805,2024-04-27
291805,2024-04-17
291805,2024-04-19
291805,2024-04-20
291805,2024-04-28
291805,2024-04-04
291805,2024-04-27
291805,2024-04-06
771,2024-04-21
604,2024-04-17
604,2024-04-14
604,2024-04-22
953,2024-04-08
953,2024-04-18
953,2024-04-28
953,2024-04-15
953,2024-04-19
953,2024-04-20
953,2024-04-10
953,2024-04-27
953,2024-04-01
953,2024-04-25
953,2024-04-06
266856,2024-04-12
266856,2024-04-19
266856,2024-04-23
266856,2024-04-23
266856,2024-04-20
266856,2024-04-12
266856,2024-04-16
266856,2024-04-05
266856,2024-04-07
266856,2024-04-24
266856,2024-04-09
266856,2024-04-18
266856,2024-04-23
242582,2024-04-08
242582,2024-04-03
242582,2024-04-20
242582,2024-04-29
242582,2024-04-10
242582,2024-04-18
242582,2024-04-09
242582,2024-04-24
242582,2024-04-06
82992,2024-04-30
82992,2024-04-05
82992,2024-04-24
82992,2024-04-28
82992,2024-04-11
82992,2024-04-08
82992,2024-04-04
75612,2024-04-02
75612,2024-04-01
75612,2024-04-13
75612,2024-04-06
75612,2024-04-01
75612,2024-04-06
75612,2024-04-03
310,2024-04-13
310,2024-04-23
310,2024-04-16
310,2024-04-11
310,2024-04-23
310,2024-04-26
310,2024-04-20
310,2024-04-06
310,2024-04-23
310,2024-04-28
310,2024-04-15
310,2024-04-03
310,2024-04-14
310,2024-04-24
310,2024-04-14
310,2024-04-23
310,2024-04-09
310,2024-04-25
310,2024-04-21
310,2024-04-20
13223,2024-04-10
13223,2024-04-29
13223,2024-04-27
168259,2024-04-30
168259,2024-04-23
168259,2024-04-04
168259,2024-04-02
168259,2024-04-21
168259,2024-04-06
168259,2024-04-05
168259,2024-04-08
168259,2024-04-17
168259,2024-04-24
168259,2024-04-09
168259,2024-04-27
168259,2024-04-20
211672,2024-04-30
211672,2024-04-10
211672,2024-04-22
211672,2024-04-14
211672,2024-04-24
211672,2024-04-29
211672,2024-04-10
211672,2024-04-16
36557,2024-04-24
36557,2024-04-29
36557,2024-04-05
36557,2024-04-26
36557,2024-04-07
36557,2024-04-18
18,2024-04-08
18,2024-04-15
18,2024-04-18
18,2024-04-14
18,2024-04-16
18,2024-04-01
18,2024-04-11
18,2024-04-15
18,2024-04-15
18,2024-04-04
18,2024-04-21
18,2024-04-01
18,2024-04-01
18,2024-04-18
18,2024-04-12
18,2024-04-08
18,2024-04-19
18,2024-04-12
18,2024-04-03
12405,2024-04-22
12405,2024-04-06
12405,2024-04-05
12405,2024-04-07
12405,2024-04-09
12405,2024-04-07
12405,2024-04-02
12405,2024-04-03
12405,2024-04-05
12405,2024-04-03
12405,2024-04-27
12405,2024-04-02
12405,2024-04-24
12405,2024-04-27
12405,2024-04-05
12405,2024-04-24
62211,2024-04-23
62211,2024-04-27
62211,2024-04-20
62211,2024-04-26
62211,2024-04-25
62211,2024-04-14
62211,2024-04-04
62211,2024-04-11
62211,2024-04-09
62211,2024-04-18
62211,2024-04-09
62211,2024-04-10
62211,2024-04-24
62211,2024-04-23
62211,2024-04-13
62211,2024-04-20
62211,2024-04-02
62211,2024-04-02
62211,2024-04-01
51876,2024-04-29
51876,2024-04-26
51876,2024-04-12
51876,2024-04-28
51876,2024-04-30
51876,2024-04-07
51876,2024-04-26
51876,2024-04-05
51876,2024-04-23
51876,2024-04-11
206647,2024-04-19
206647,2024-04-16
206647,2024-04-29
206647,2024-04-07
206647,2024-04-04
206647,2024-04-26
206647,2024-04-15
206647,2024-04-05
206647,2024-04-10
206647,2024-04-21
206647,2024-04-03
206647,2024-04-11
206647,2024-04-12
206647,2024-04-27
206647,2024-04-02
206647,2024-04-11
206647,2024-04-29
206647,2024-04-07
206647,2024-04-10
84892,2024-04-28
84892,2024-04-21
84892,2024-04-05
84892,2024-04-27
84892,2024-04-11
84892,2024-04-19
84892,2024-04-22
84892,2024-04-12
84892,2024-04-19
84892,2024-04-16
84892,2024-04-02
84892,2024-04-05
84892,2024-04-01
84892,2024-04-09
84892,2024-04-17
84892,2024-04-09
84892,2024-04-24
84892,2024-04-28
1417,2024-04-30
1417,2024-04-24
1417,2024-04-03
1417,2024-04-21
1417,2024-04-15
1417,2024-04-08
1417,2024-04-08
1417,2024-04-02
1417,2024-04-26
1417,2024-04-10
1417,2024-04-13
1417,2024-04-04
1417,2024-04-01
1417,2024-04-19
1417,2024-04-06
1417,2024-04-18
8844,2024-04-11
8844,2024-04-01
8844,2024-04-28
8844,2024-04-23
8844,2024-04-07
8844,2024-04-04
8844,2024-04-11
76600,2024-04-06
76600,2024-04-02
76600,2024-04-01
76600,2024-04-03
76600,2024-04-23
76600,2024-04-30
76600,2024-04-13
76600,2024-04-24
411,2024-04-19
411,2024-04-06
411,2024-04-18
411,2024-04-12
411,2024-04-08
411,2024-04-22
411,2024-04-29
411,2024-04-22
411,2024-04-04
411,2024-04-10
411,2024-04-13
411,2024-04-14
411,2024-04-17
411,2024-04-11
411,2024-04-11
411,2024-04-01
411,2024-04-16
411,2024-04-13
1359,2024-04-14
1359,2024-04-18
1359,2024-04-21
1359,2024-04-22
1359,2024-04-08
1359,2024-04-01
1359,2024-04-14
2080,2024-04-14
2080,2024-04-24
2080,2024-04-29
2080,2024-04-23
2080,2024-04-07
2080,2024-04-05
2080,2024-04-11
2080,2024-04-10
45243,2024-04-09
45243,2024-04-24
45243,2024-04-30
45243,2024-04-07
45243,2024-04-21
58574,2024-04-12
58574,2024-04-19
58574,2024-04-29
58574,2024-04-12
58574,2024-04-19
58574,2024-04-10
58574,2024-04-26
58574,2024-04-22
58574,2024-04-16
58574,2024-04-22
58574,2024-04-13
58574,2024-04-14
58574,2024-04-05
58574,2024-04-16
58574,2024-04-09
58574,2024-04-13
58574,2024-04-14
58574,2024-04-21
58574,2024-04-03
58574,2024-04-14
337339,2024-04-21
337339,2024-04-07
337339,2024-04-11
337339,2024-04-09
337339,2024-04-29
337339,2024-04-27
337339,2024-04-10
337339,2024-04-25
337339,2024-04-29
337339,2024-04-16
337339,2024-04-18
337339,2024-04-30
337339,2024-04-02
337339,2024-04-25
337339,2024-04-30
458156,2024-04-22
458156,2024-04-29
458156,2024-04-08
458156,2024-04-20
293167,2024-04-12
293167,2024-04-02
293167,2024-04-12
293167,2024-04-19
293167,2024-04-27
293167,2024-04-30
293167,2024-04-29
293167,2024-04-01
293167,2024-04-06
293167,2024-04-17
293167,2024-04-19
293167,2024-04-14
293167,2024-04-26
293167,2024-04-29
293167,2024-04-29
293167,2024-04-08
293167,2024-04-17
293167,2024-04-30
196,2024-04-25
196,2024-04-05
196,2024-04-08
196,2024-04-01
196,2024-04-05
196,2024-04-19
196,2024-04-27
196,2024-04-26
196,2024-04-18
196,2024-04-22
196,2024-04-14
196,2024-04-04
196,2024-04-21
196,2024-04-11
196,2024-04-14
196,2024-04-19
196,2024-04-03
196,2024-04-27
196,2024-04-06
41154,2024-04-16
41154,2024-04-12
41154,2024-04-02
41154,2024-04-16
41154,2024-04-07
41154,2024-04-01
41154,2024-04-08
41154,2024-04-27
41154,2024-04-28
41154,2024-04-26
294254,2024-04-09
294254,2024-04-02
294254,2024-04-16
294254,2024-04-07
294254,2024-04-06
294254,2024-04-30
294254,2024-04-07
294254,2024-04-18
600,2024-04-04
495764,2024-04-10
495764,2024-04-24
495764,2024-04-17
495764,2024-04-17
495764,2024-04-08
495764,2024-04-03
495764,2024-04-15
495764,2024-04-22
495764,2024-04-21
495764,2024-04-13
495764,2024-04-06
510,2024-04-12
510,2024-04-08
510,2024-04-05
510,2024-04-14
510,2024-04-08
510,2024-04-03
510,2024-04-30
510,2024-04-09
510,2024-04-06
510,2024-04-12
510,2024-04-11
510,2024-04-27
510,2024-04-29
510,2024-04-16
510,2024-04-10
510,2024-04-08
510,2024-04-04
64688,2024-04-29
64688,2024-04-02
59967,2024-04-10
59967,2024-04-26
59967,2024-04-09
59967,2024-04-19
629,2024-04-18
629,2024-04-28
629,2024-04-03
629,2024-04-30
629,2024-04-09
629,2024-04-09
629,2024-04-21
629,2024-04-26
